trade_id,symbol,entry_time,exit_time,qty,entry_price,exit_price,pnl,return_pct,holding_days,entry_strategy_id,entry_strategy_version_id,entry_signal_strength,entry_confidence,entry_reason,entry_price_source,exit_reason,exit_strategy_id,exit_trigger,market_regime,outcome_label
broker_match_0004_AMD,AMD,2026-05-12T13:33:00.678535Z,2026-05-12T14:06:54.325748Z,254,449.32,450.5,300.24,0.0026,0,breakout_momentum_v1,breakout_momentum_v2_threshold_tuned,1.0,0.85,Strong bullish momentum (26.68%) indicates breakout (intraday weak: smoothed=0.11%),,broker_fill,broker_reconstructed,,bullish,neutral
broker_match_0105_MRVL,MRVL,2026-05-12T13:33:23.672849Z,2026-05-12T14:06:59.050415Z,424,165.14,165.75,260.64,0.0037,0,breakout_momentum_v1_intraday_enhanced,breakout_momentum_v2_threshold_tuned,1.0,0.85,"Strong bullish momentum (46.19%) indicates breakout + Intraday confirmed (smoothed=1.62%, VWAP=neutral)",,broker_fill,broker_reconstructed,,bullish,neutral
broker_match_0153_QTUM,QTUM,2026-05-12T14:07:02.645133Z,2026-05-12T14:51:30.34367Z,663,144.77,142.75,-1339.26,-0.014,0,broker_reconstructed,broker_reconstructed,,,,,broker_fill,broker_reconstructed,,,neutral
broker_match_0154_QTUM,QTUM,2026-05-12T14:07:02.645133Z,2026-05-13T13:31:01.335056Z,7,144.77,145.01,1.68,0.0017,0,broker_reconstructed,broker_reconstructed,,,,,broker_fill,broker_reconstructed,,,neutral
broker_match_0141_PTF,PTF,2026-05-12T14:07:06.087476Z,2026-05-12T14:51:25.587435Z,789,121.83,119.18,-2090.85,-0.0218,0,broker_reconstructed,broker_reconstructed,,,,,broker_fill,broker_reconstructed,,,neutral
broker_match_0142_PTF,PTF,2026-05-12T14:07:06.087476Z,2026-05-13T13:33:47.184434Z,8,121.83,122.01,1.45,0.0015,0,broker_reconstructed,broker_reconstructed,,,,,broker_fill,broker_reconstructed,,,neutral
broker_match_0133_PSCT,PSCT,2026-05-12T14:23:06.958868Z,2026-05-12T14:51:23.526297Z,610,78.7,77.16,-939.4,-0.0196,0,broker_reconstructed,broker_reconstructed,,,,,broker_fill,broker_reconstructed,,,neutral
broker_match_0134_PSCT,PSCT,2026-05-12T14:23:06.958868Z,2026-05-13T13:32:25.149285Z,595,78.7,78.57,-77.56,-0.0017,0,broker_reconstructed,broker_reconstructed,,,,,broker_fill,broker_reconstructed,,,neutral
broker_match_0163_SHOC,SHOC,2026-05-12T14:23:11.712563Z,2026-05-12T14:51:34.532704Z,943,106.0,104.17,-1725.69,-0.0173,0,broker_reconstructed,broker_reconstructed,,,,,broker_fill,broker_reconstructed,,,neutral
broker_match_0164_SHOC,SHOC,2026-05-12T14:23:11.712563Z,2026-05-13T13:32:36.090481Z,10,106.0,106.99,9.9,0.0093,0,broker_reconstructed,broker_reconstructed,,,,,broker_fill,broker_reconstructed,,,neutral
broker_match_0069_GTOP,GTOP,2026-05-12T14:23:14.89321Z,2026-05-12T14:51:18.049385Z,460,45.83,45.43,-184.0,-0.0087,0,broker_reconstructed,broker_reconstructed,,,,,broker_fill,broker_reconstructed,,,neutral
broker_match_0070_GTOP,GTOP,2026-05-12T14:23:14.89321Z,2026-05-13T13:30:25.311575Z,941,45.83,45.83,0.0,0.0,0,broker_reconstructed,broker_reconstructed,,,,,broker_fill,broker_reconstructed,,,neutral
broker_match_0185_SOXQ,SOXQ,2026-05-12T14:23:20.306287Z,2026-05-12T14:51:39.554479Z,1112,92.54,90.96,-1757.03,-0.0171,0,broker_reconstructed,broker_reconstructed,,,,,broker_fill,broker_reconstructed,,,neutral
broker_match_0186_SOXQ,SOXQ,2026-05-12T14:23:20.306287Z,2026-05-13T13:30:07.646776Z,12,92.54,94.35,21.72,0.0196,0,broker_reconstructed,broker_reconstructed,,,,,broker_fill,broker_reconstructed,,,neutral
broker_match_0203_TTEQ,TTEQ,2026-05-12T14:23:24.000876Z,2026-05-12T14:51:46.958311Z,1695,41.02,40.45,-968.23,-0.0139,0,broker_reconstructed,broker_reconstructed,,,,,broker_fill,broker_reconstructed,,,neutral
broker_match_0193_SOXX,SOXX,2026-05-12T14:23:27.144399Z,2026-05-12T14:51:44.604103Z,201,517.49,509.37,-1632.64,-0.0157,0,broker_reconstructed,broker_reconstructed,,,,,broker_fill,broker_reconstructed,,,neutral
broker_match_0194_SOXX,SOXX,2026-05-12T14:23:27.144399Z,2026-05-13T13:32:29.850675Z,2,517.49,524.87,14.75,0.0143,0,broker_reconstructed,broker_reconstructed,,,,,broker_fill,broker_reconstructed,,,neutral
broker_match_0066_FTXL,FTXL,2026-05-12T14:23:31.539813Z,2026-05-12T14:51:16.610329Z,100,240.84,235.86,-498.18,-0.0207,0,broker_reconstructed,broker_reconstructed,,,,,broker_fill,broker_reconstructed,,,neutral
broker_match_0028_AVGO,AVGO,2026-05-12T14:51:51.561952Z,2026-05-13T13:34:33.276249Z,202,419.82,412.85,-1408.1,-0.0166,0,broker_reconstructed,broker_reconstructed,,,,,broker_fill,broker_reconstructed,,,neutral
broker_match_0013_AMZN,AMZN,2026-05-12T14:51:53.90934Z,2026-05-13T13:30:06.303649Z,329,264.07,264.82,246.75,0.0028,0,broker_reconstructed,broker_reconstructed,,,,,broker_fill,broker_reconstructed,,,neutral
broker_match_0017_ANET,ANET,2026-05-12T14:51:59.246527Z,2026-06-01T17:04:17.915384Z,407,140.37,170.21,12144.92,0.2126,20,broker_reconstructed,broker_reconstructed,,,,,broker_fill,broker_reconstructed,,,good
broker_match_0005_AMD,AMD,2026-05-12T14:52:02.1816Z,2026-05-13T13:32:45.220049Z,256,444.0,452.02,2053.36,0.0181,0,breakout_momentum_v1,breakout_momentum_v2_threshold_tuned,1.0,0.85,Strong bullish momentum (26.68%) indicates breakout (intraday weak: smoothed=0.11%),,broker_fill,broker_reconstructed,,bullish,neutral
broker_match_0076_HPE,HPE,2026-05-12T14:52:06.550076Z,2026-05-13T13:30:01.473841Z,2314,29.8,30.5,1619.8,0.0235,0,broker_reconstructed,broker_reconstructed,,,,,broker_fill,broker_reconstructed,,,neutral
broker_match_0087_INTC,INTC,2026-05-12T15:08:26.774245Z,2026-05-13T13:34:46.229738Z,807,118.12,122.08,3187.91,0.0334,0,broker_reconstructed,broker_reconstructed,,,,,broker_fill,broker_reconstructed,,,neutral
broker_match_0052_DELL,DELL,2026-05-12T15:08:30.208867Z,2026-05-13T13:34:38.658007Z,293,233.32,241.41,2369.9,0.0347,0,broker_reconstructed,broker_reconstructed,,,,,broker_fill,broker_reconstructed,,,neutral
broker_match_0001_AMAT,AMAT,2026-05-12T15:08:34.381122Z,2026-06-01T17:04:12.348044Z,158,421.06,459.3,6041.92,0.0908,20,broker_reconstructed,broker_reconstructed,,,,,broker_fill,broker_reconstructed,,,good
broker_match_0116_NBIS,NBIS,2026-05-12T15:08:39.129241Z,2026-05-13T13:32:12.166813Z,36,177.79,208.99,1123.2,0.1755,0,broker_reconstructed,broker_reconstructed,,,,,broker_fill,broker_reconstructed,,,good
broker_match_0106_MRVL,MRVL,2026-05-13T13:32:22.309325Z,2026-05-13T14:04:15.280988Z,300,170.7,178.0,2190.74,0.0428,0,breakout_momentum_v1_intraday_enhanced,breakout_momentum_v2_threshold_tuned,0.7705667276051194,0.5458180987202929,"Strong bullish momentum (6.42%) indicates breakout + Intraday confirmed (smoothed=1.46%, VWAP=neutral)",,broker_fill,broker_reconstructed,,bullish,neutral
broker_match_0155_QTUM,QTUM,2026-05-13T14:04:20.813344Z,2026-05-13T14:46:08.457702Z,657,144.72,145.09,243.09,0.0026,0,breakout_momentum_v1,breakout_momentum_v2_threshold_tuned,0.748042128004321,0.6358358088036729,Strong bullish momentum (7.48%) indicates breakout (intraday weak: smoothed=-2.48%),,broker_fill,broker_reconstructed,,neutral,neutral
broker_match_0143_PTF,PTF,2026-05-13T14:04:23.96685Z,2026-05-13T14:46:04.988607Z,792,120.72,121.07,277.2,0.0029,0,breakout_momentum_v1,breakout_momentum_v2_threshold_tuned,1.0,0.85,Strong bullish momentum (11.62%) indicates breakout (intraday weak: smoothed=-1.52%),,broker_fill,broker_reconstructed,,neutral,neutral
broker_match_0135_PSCT,PSCT,2026-05-13T14:04:27.669305Z,2026-05-13T14:45:59.764054Z,861,78.62,78.43,-163.59,-0.0024,0,breakout_momentum_v1_intraday_enhanced,breakout_momentum_v2_threshold_tuned,1.0,0.8490144111313578,"Strong bullish momentum (9.99%) indicates breakout + Intraday confirmed (smoothed=4.81%, VWAP=neutral)",,broker_fill,broker_reconstructed,,neutral,neutral
broker_match_0136_PSCT,PSCT,2026-05-13T14:04:27.669305Z,2026-05-13T17:32:25.793019Z,348,78.62,78.89,93.96,0.0034,0,breakout_momentum_v1_intraday_enhanced,breakout_momentum_v2_threshold_tuned,1.0,0.8490144111313578,"Strong bullish momentum (9.99%) indicates breakout + Intraday confirmed (smoothed=4.81%, VWAP=neutral)",,broker_fill,broker_reconstructed,,neutral,neutral
broker_match_0165_SHOC,SHOC,2026-05-13T14:04:34.317112Z,2026-05-13T14:46:12.584012Z,945,106.12,106.8,642.19,0.0064,0,breakout_momentum_v1_intraday_enhanced,breakout_momentum_v2_threshold_tuned,1.0,0.85,"Strong bullish momentum (12.49%) indicates breakout + Intraday confirmed (smoothed=12.41%, VWAP=neutral)",,broker_fill,broker_reconstructed,,neutral,neutral
broker_match_0071_GTOP,GTOP,2026-05-13T14:04:37.626751Z,2026-05-13T14:45:57.450674Z,1381,45.92,46.04,165.72,0.0026,0,breakout_momentum_v1_intraday_enhanced,breakout_momentum_v2_threshold_tuned,0.6490765171503972,0.45976253298153136,"Strong bullish momentum (5.41%) indicates breakout + Intraday confirmed (smoothed=26.40%, VWAP=neutral)",,broker_fill,broker_reconstructed,,neutral,neutral
broker_match_0187_SOXQ,SOXQ,2026-05-13T14:20:34.070097Z,2026-05-13T15:02:23.147599Z,1106,93.07,94.51,1592.16,0.0155,0,breakout_momentum_v1,breakout_momentum_v2_threshold_tuned,1.0,0.85,Strong bullish momentum (15.83%) indicates breakout (intraday weak: smoothed=-0.15%),,broker_fill,broker_reconstructed,,neutral,neutral
broker_match_0204_TTEQ,TTEQ,2026-05-13T14:20:41.868641Z,2026-05-13T15:02:31.170794Z,1520,40.88,41.11,348.61,0.0056,0,breakout_momentum_v1,breakout_momentum_v2_threshold_tuned,0.590121872995511,0.5016035920461843,Strong bullish momentum (5.90%) indicates breakout (intraday weak: smoothed=-0.45%),,broker_fill,broker_reconstructed,,neutral,neutral
broker_match_0195_SOXX,SOXX,2026-05-13T14:20:42.604873Z,2026-05-13T15:02:28.562103Z,33,520.21,527.91,254.25,0.0148,0,breakout_momentum_v1,breakout_momentum_v2_threshold_tuned,1.0,0.85,Strong bullish momentum (16.37%) indicates breakout (intraday weak: smoothed=0.22%),,broker_fill,broker_reconstructed,,neutral,neutral
broker_match_0029_AVGO,AVGO,2026-05-13T15:02:37.172967Z,2026-05-13T15:30:58.308645Z,205,414.28,412.27,-411.87,-0.0048,0,breakout_momentum_v1,breakout_momentum_v2_threshold_tuned,1.0,0.85,Strong bullish momentum (16.82%) indicates breakout (intraday weak: smoothed=-0.63%),,broker_fill,broker_reconstructed,,neutral,neutral
broker_match_0014_AMZN,AMZN,2026-05-13T15:02:40.223727Z,2026-05-13T15:30:47.574946Z,323,265.27,266.84,507.11,0.0059,0,breakout_momentum_v1,breakout_momentum_v2_threshold_tuned,1.0,0.85,Strong bullish momentum (13.30%) indicates breakout (intraday weak: smoothed=0.21%),,broker_fill,broker_reconstructed,,neutral,neutral
broker_match_0006_AMD,AMD,2026-05-13T15:02:47.522777Z,2026-05-13T15:30:44.554005Z,261,446.27,444.46,-473.54,-0.0041,0,breakout_momentum_v1,breakout_momentum_v2_threshold_tuned,1.0,0.85,Strong bullish momentum (25.50%) indicates breakout (intraday weak: smoothed=-0.93%),,broker_fill,broker_reconstructed,,neutral,neutral
broker_match_0020_ARM,ARM,2026-05-13T15:02:54.164623Z,2026-05-13T15:30:56.012798Z,266,216.49,217.82,353.78,0.0061,0,breakout_momentum_v1,breakout_momentum_v2_threshold_tuned,1.0,0.85,Strong bullish momentum (29.59%) indicates breakout (intraday weak: smoothed=-0.44%),,broker_fill,broker_reconstructed,,neutral,neutral
broker_match_0053_DELL,DELL,2026-05-13T15:02:55.637694Z,2026-05-13T15:31:01.662661Z,299,241.98,240.6,-412.37,-0.0057,0,breakout_momentum_v1_intraday_enhanced,breakout_momentum_v2_threshold_tuned,1.0,0.85,"Strong bullish momentum (21.19%) indicates breakout + Intraday confirmed (smoothed=1.81%, VWAP=neutral)",,broker_fill,broker_reconstructed,,neutral,neutral
broker_match_0077_HPE,HPE,2026-05-13T15:02:58.744947Z,2026-05-13T15:31:07.309142Z,2358,30.93,30.82,-254.84,-0.0035,0,breakout_momentum_v1,breakout_momentum_v2_threshold_tuned,1.0,0.85,Strong bullish momentum (13.48%) indicates breakout (intraday weak: smoothed=0.08%),,broker_fill,broker_reconstructed,,neutral,neutral
broker_match_0096_LRCX,LRCX,2026-05-13T15:03:02.828296Z,2026-05-13T15:31:09.702355Z,210,291.87,291.45,-88.2,-0.0014,0,breakout_momentum_v1,breakout_momentum_v2_threshold_tuned,1.0,0.85,Strong bullish momentum (21.74%) indicates breakout (intraday weak: smoothed=0.13%),,broker_fill,broker_reconstructed,,neutral,neutral
broker_match_0117_NBIS,NBIS,2026-05-13T15:03:08.715064Z,2026-05-13T17:32:19.136655Z,260,208.1,213.6,1430.0,0.0264,0,breakout_momentum_v1,breakout_momentum_v2_threshold_tuned,1.0,0.85,Strong bullish momentum (19.10%) indicates breakout (intraday weak: smoothed=-1.12%),,broker_fill,broker_reconstructed,,neutral,neutral
broker_match_0156_QTUM,QTUM,2026-05-13T17:32:28.279752Z,2026-05-14T13:34:52.339367Z,660,147.0,146.14,-567.75,-0.0059,0,breakout_momentum_v1,breakout_momentum_v2_threshold_tuned,0.748042128004321,0.6358358088036729,Strong bullish momentum (7.48%) indicates breakout (intraday weak: smoothed=-2.48%),,broker_fill,broker_reconstructed,,neutral,neutral
broker_match_0144_PTF,PTF,2026-05-13T17:32:31.298287Z,2026-05-14T13:31:33.13156Z,795,122.96,121.05,-1518.45,-0.0155,0,breakout_momentum_v1,breakout_momentum_v2_threshold_tuned,1.0,0.85,Strong bullish momentum (11.62%) indicates breakout (intraday weak: smoothed=-1.52%),,broker_fill,broker_reconstructed,,neutral,neutral
broker_match_0137_PSCT,PSCT,2026-05-13T17:49:42.62329Z,2026-05-14T13:33:23.450464Z,1214,79.24,78.42,-998.93,-0.0104,0,breakout_momentum_v1_intraday_enhanced,breakout_momentum_v2_threshold_tuned,1.0,0.8490144111313578,"Strong bullish momentum (9.99%) indicates breakout + Intraday confirmed (smoothed=4.81%, VWAP=neutral)",,broker_fill,broker_reconstructed,,neutral,neutral
broker_match_0166_SHOC,SHOC,2026-05-13T17:49:45.973944Z,2026-05-14T13:30:28.126569Z,950,108.08,107.13,-902.5,-0.0088,0,breakout_momentum_v1_intraday_enhanced,breakout_momentum_v2_threshold_tuned,1.0,0.85,"Strong bullish momentum (12.49%) indicates breakout + Intraday confirmed (smoothed=12.41%, VWAP=neutral)",,broker_fill,broker_reconstructed,,neutral,neutral
broker_match_0205_TTEQ,TTEQ,2026-05-13T17:49:50.130232Z,2026-05-14T13:33:06.359314Z,1651,41.49,41.16,-539.64,-0.0079,0,breakout_momentum_v1,breakout_momentum_v2_threshold_tuned,0.590121872995511,0.5016035920461843,Strong bullish momentum (5.90%) indicates breakout (intraday weak: smoothed=-0.45%),,broker_fill,broker_reconstructed,,neutral,neutral
broker_match_0188_SOXQ,SOXQ,2026-05-13T17:49:53.416359Z,2026-05-14T13:33:53.155991Z,1111,94.9,93.95,-1053.09,-0.01,0,breakout_momentum_v1,breakout_momentum_v2_threshold_tuned,1.0,0.85,Strong bullish momentum (15.83%) indicates breakout (intraday weak: smoothed=-0.15%),,broker_fill,broker_reconstructed,,neutral,neutral
broker_match_0072_GTOP,GTOP,2026-05-13T17:49:58.925428Z,2026-05-14T13:32:53.838732Z,1061,46.52,46.68,173.37,0.0035,0,breakout_momentum_v1_intraday_enhanced,breakout_momentum_v2_threshold_tuned,0.6490765171503972,0.45976253298153136,"Strong bullish momentum (5.41%) indicates breakout + Intraday confirmed (smoothed=26.40%, VWAP=neutral)",,broker_fill,broker_reconstructed,,neutral,neutral
broker_match_0179_SMHX,SMHX,2026-05-13T17:50:05.332741Z,2026-05-14T13:32:31.346936Z,280,56.96,56.6,-101.39,-0.0064,0,breakout_momentum_v1_intraday_enhanced,breakout_momentum_v2_threshold_tuned,1.0,0.85,"Strong bullish momentum (13.88%) indicates breakout + Intraday confirmed (smoothed=3.31%, VWAP=neutral)",,broker_fill,broker_reconstructed,,neutral,neutral
broker_match_0157_QTUM,QTUM,2026-05-14T14:31:12.859132Z,2026-05-14T15:14:19.206625Z,651,147.42,147.89,305.97,0.0032,0,breakout_momentum_v1_intraday_enhanced,breakout_momentum_v2_threshold_tuned,0.8976505536051852,0.6358358088036729,"Strong bullish momentum (7.48%) indicates breakout + Intraday confirmed (smoothed=0.82%, VWAP=neutral)",,broker_fill,broker_reconstructed,,neutral,neutral
broker_match_0145_PTF,PTF,2026-05-14T14:31:16.861172Z,2026-05-14T15:14:22.245687Z,788,122.53,123.15,488.2,0.0051,0,breakout_momentum_v1,breakout_momentum_v2_threshold_tuned,1.0,0.85,Strong bullish momentum (11.62%) indicates breakout (intraday weak: smoothed=-6.46%),,broker_fill,broker_reconstructed,,neutral,neutral
broker_match_0138_PSCT,PSCT,2026-05-14T14:31:21.322225Z,2026-05-14T15:14:11.410447Z,723,79.35,79.6,180.75,0.0032,0,breakout_momentum_v1_intraday_enhanced,breakout_momentum_v2_threshold_tuned,1.0,0.8490144111313578,"Strong bullish momentum (9.99%) indicates breakout + Intraday confirmed (smoothed=4.81%, VWAP=neutral)",,broker_fill,broker_reconstructed,,neutral,neutral
broker_match_0139_PSCT,PSCT,2026-05-14T14:31:21.322225Z,2026-05-14T17:23:40.161607Z,476,79.35,78.99,-171.36,-0.0045,0,breakout_momentum_v1_intraday_enhanced,breakout_momentum_v2_threshold_tuned,1.0,0.8490144111313578,"Strong bullish momentum (9.99%) indicates breakout + Intraday confirmed (smoothed=4.81%, VWAP=neutral)",,broker_fill,broker_reconstructed,,neutral,neutral
broker_match_0167_SHOC,SHOC,2026-05-14T14:31:24.90849Z,2026-05-14T15:30:37.758962Z,945,108.61,109.2,557.55,0.0054,0,breakout_momentum_v1_intraday_enhanced,breakout_momentum_v2_threshold_tuned,1.0,0.85,"Strong bullish momentum (12.49%) indicates breakout + Intraday confirmed (smoothed=12.41%, VWAP=neutral)",,broker_fill,broker_reconstructed,,neutral,neutral
broker_match_0206_TTEQ,TTEQ,2026-05-14T14:31:32.087159Z,2026-05-14T15:30:49.407586Z,1608,41.62,41.79,273.36,0.0041,0,breakout_momentum_v1_intraday_enhanced,breakout_momentum_v2_threshold_tuned,0.7081462475946132,0.5016035920461843,"Strong bullish momentum (5.90%) indicates breakout + Intraday confirmed (smoothed=3.01%, VWAP=neutral)",,broker_fill,broker_reconstructed,,neutral,neutral
broker_match_0176_SMH,SMH,2026-05-14T14:31:33.651563Z,2026-05-14T15:30:43.037877Z,177,576.93,580.28,592.95,0.0058,0,breakout_momentum_v1,breakout_momentum_v2_threshold_tuned,1.0,0.85,Strong bullish momentum (12.58%) indicates breakout (intraday weak: smoothed=-0.43%),,broker_fill,broker_reconstructed,,neutral,neutral
broker_match_0073_GTOP,GTOP,2026-05-14T14:31:38.540941Z,2026-05-14T15:14:07.870845Z,1125,47.11,47.21,112.5,0.0021,0,breakout_momentum_v1_intraday_enhanced,breakout_momentum_v2_threshold_tuned,0.6490765171503972,0.45976253298153136,"Strong bullish momentum (5.41%) indicates breakout + Intraday confirmed (smoothed=26.40%, VWAP=neutral)",,broker_fill,broker_reconstructed,,neutral,neutral
broker_match_0189_SOXQ,SOXQ,2026-05-14T14:31:44.515677Z,2026-05-14T15:30:45.529987Z,171,94.85,95.39,92.07,0.0057,0,breakout_momentum_v1,breakout_momentum_v2_threshold_tuned,1.0,0.85,Strong bullish momentum (15.83%) indicates breakout (intraday weak: smoothed=-2.34%),,broker_fill,broker_reconstructed,,neutral,neutral
broker_match_0030_AVGO,AVGO,2026-05-14T15:30:53.339973Z,2026-05-14T17:23:26.610164Z,202,439.74,432.07,-1550.04,-0.0175,0,breakout_momentum_v1_intraday_enhanced,breakout_momentum_v2_threshold_tuned,1.0,0.85,"Strong bullish momentum (16.82%) indicates breakout + Intraday confirmed (smoothed=0.50%, VWAP=neutral)",,broker_fill,broker_reconstructed,,neutral,neutral
broker_match_0031_AVGO,AVGO,2026-05-14T15:30:53.339973Z,2026-05-15T13:31:23.268217Z,1,439.74,427.41,-12.33,-0.028,0,breakout_momentum_v1_intraday_enhanced,breakout_momentum_v2_threshold_tuned,1.0,0.85,"Strong bullish momentum (16.82%) indicates breakout + Intraday confirmed (smoothed=0.50%, VWAP=neutral)",,broker_fill,broker_reconstructed,,neutral,neutral
broker_match_0015_AMZN,AMZN,2026-05-14T15:30:59.845589Z,2026-05-14T17:07:15.447547Z,323,267.73,268.16,138.83,0.0016,0,breakout_momentum_v1,breakout_momentum_v2_threshold_tuned,1.0,0.85,Strong bullish momentum (13.30%) indicates breakout (intraday weak: smoothed=0.25%),,broker_fill,broker_reconstructed,,neutral,neutral
broker_match_0016_AMZN,AMZN,2026-05-14T15:30:59.845589Z,2026-05-15T13:31:55.918555Z,1,267.73,262.39,-5.34,-0.0199,0,breakout_momentum_v1,breakout_momentum_v2_threshold_tuned,1.0,0.85,Strong bullish momentum (13.30%) indicates breakout (intraday weak: smoothed=0.25%),,broker_fill,broker_reconstructed,,neutral,neutral
broker_match_0007_AMD,AMD,2026-05-14T15:31:02.11278Z,2026-05-14T17:07:14.70787Z,261,451.0,447.62,-882.18,-0.0075,0,breakout_momentum_v1,breakout_momentum_v2_threshold_tuned,1.0,0.85,Strong bullish momentum (25.50%) indicates breakout (intraday weak: smoothed=-0.62%),,broker_fill,broker_reconstructed,,neutral,neutral
broker_match_0054_DELL,DELL,2026-05-14T15:31:06.390072Z,2026-05-14T17:23:28.763823Z,299,245.56,244.78,-233.22,-0.0032,0,breakout_momentum_v1_intraday_enhanced,breakout_momentum_v2_threshold_tuned,1.0,0.85,"Strong bullish momentum (21.19%) indicates breakout + Intraday confirmed (smoothed=0.34%, VWAP=neutral)",,broker_fill,broker_reconstructed,,neutral,neutral
broker_match_0088_INTC,INTC,2026-05-14T15:31:10.628077Z,2026-05-14T17:23:36.097668Z,823,116.31,115.26,-864.15,-0.009,0,breakout_momentum_v1,breakout_momentum_v2_threshold_tuned,1.0,0.85,Strong bullish momentum (42.46%) indicates breakout (intraday weak: smoothed=0.02%),,broker_fill,broker_reconstructed,,neutral,neutral
broker_match_0078_HPE,HPE,2026-05-14T15:31:15.241074Z,2026-05-14T17:23:34.941235Z,2359,34.68,33.38,-3066.7,-0.0375,0,breakout_momentum_v1,breakout_momentum_v2_threshold_tuned,1.0,0.85,Strong bullish momentum (13.48%) indicates breakout (intraday weak: smoothed=0.12%),,broker_fill,broker_reconstructed,,neutral,neutral
broker_match_0021_ARM,ARM,2026-05-14T15:31:20.485202Z,2026-05-14T17:07:20.928999Z,266,222.93,222.7,-61.18,-0.001,0,breakout_momentum_v1,breakout_momentum_v2_threshold_tuned,1.0,0.85,Strong bullish momentum (29.59%) indicates breakout (intraday weak: smoothed=-0.12%),,broker_fill,broker_reconstructed,,neutral,neutral
broker_match_0158_QTUM,QTUM,2026-05-14T17:23:44.694319Z,2026-05-15T13:32:47.255568Z,649,147.42,142.46,-3218.6,-0.0336,0,breakout_momentum_v1_intraday_enhanced,breakout_momentum_v2_threshold_tuned,0.8976505536051852,0.6358358088036729,"Strong bullish momentum (7.48%) indicates breakout + Intraday confirmed (smoothed=0.82%, VWAP=neutral)",,broker_fill,broker_reconstructed,,neutral,neutral
broker_match_0146_PTF,PTF,2026-05-14T17:23:51.707667Z,2026-05-15T13:33:46.697448Z,786,122.8,118.52,-3364.44,-0.0349,0,breakout_momentum_v1,breakout_momentum_v2_threshold_tuned,1.0,0.85,Strong bullish momentum (11.62%) indicates breakout (intraday weak: smoothed=-6.46%),,broker_fill,broker_reconstructed,,neutral,neutral
broker_match_0168_SHOC,SHOC,2026-05-14T17:23:53.293413Z,2026-05-15T13:32:02.539292Z,942,108.47,103.38,-4794.78,-0.0469,0,breakout_momentum_v1_intraday_enhanced,breakout_momentum_v2_threshold_tuned,1.0,0.85,"Strong bullish momentum (12.49%) indicates breakout + Intraday confirmed (smoothed=12.41%, VWAP=neutral)",,broker_fill,broker_reconstructed,,neutral,neutral
broker_match_0207_TTEQ,TTEQ,2026-05-14T17:23:57.451143Z,2026-05-15T13:33:00.939662Z,1604,41.7,40.6,-1764.4,-0.0264,0,breakout_momentum_v1_intraday_enhanced,breakout_momentum_v2_threshold_tuned,0.7081462475946132,0.5016035920461843,"Strong bullish momentum (5.90%) indicates breakout + Intraday confirmed (smoothed=3.01%, VWAP=neutral)",,broker_fill,broker_reconstructed,,neutral,neutral
broker_match_0196_SOXX,SOXX,2026-05-14T17:24:04.733549Z,2026-05-15T13:31:12.105744Z,199,527.3,509.59,-3524.06,-0.0336,0,breakout_momentum_v1,breakout_momentum_v2_threshold_tuned,1.0,0.85,Strong bullish momentum (16.37%) indicates breakout (intraday weak: smoothed=-0.27%),,broker_fill,broker_reconstructed,,neutral,neutral
broker_match_0074_GTOP,GTOP,2026-05-14T17:24:06.248196Z,2026-05-15T13:33:36.160967Z,1379,47.12,46.17,-1306.98,-0.0201,0,breakout_momentum_v1_intraday_enhanced,breakout_momentum_v2_threshold_tuned,0.6490765171503972,0.45976253298153136,"Strong bullish momentum (5.41%) indicates breakout + Intraday confirmed (smoothed=26.40%, VWAP=neutral)",,broker_fill,broker_reconstructed,,neutral,neutral
broker_match_0190_SOXQ,SOXQ,2026-05-14T17:24:10.250875Z,2026-05-15T13:32:21.012759Z,1101,94.47,91.6,-3164.56,-0.0304,0,breakout_momentum_v1,breakout_momentum_v2_threshold_tuned,1.0,0.85,Strong bullish momentum (15.83%) indicates breakout (intraday weak: smoothed=-2.34%),,broker_fill,broker_reconstructed,,neutral,neutral
broker_match_0159_QTUM,QTUM,2026-05-15T14:02:33.428804Z,2026-06-04T14:06:06.932562Z,328,142.78,162.01,6307.44,0.1347,20,broker_reconstructed,broker_reconstructed,,,,,broker_fill,broker_reconstructed,,,good
broker_match_0191_SOXQ,SOXQ,2026-05-15T14:02:36.842602Z,2026-06-04T14:02:21.097725Z,251,91.07,103.49,3117.8,0.1364,19,broker_reconstructed,broker_reconstructed,,,,,broker_fill,broker_reconstructed,,,good
broker_match_0192_SOXQ,SOXQ,2026-05-15T14:02:36.842602Z,2026-06-04T14:06:12.91481Z,307,91.07,102.62,3546.45,0.1268,20,broker_reconstructed,broker_reconstructed,,,,,broker_fill,broker_reconstructed,,,good
broker_match_0067_FTXL,FTXL,2026-05-15T14:02:41.577595Z,2026-06-01T14:04:06.743071Z,223,234.28,252.71,4110.81,0.0787,17,broker_reconstructed,broker_reconstructed,,,,,broker_fill,broker_reconstructed,,,good
broker_match_0197_SOXX,SOXX,2026-05-15T14:02:45.747894Z,2026-06-04T14:02:30.114479Z,44,508.56,582.52,3254.09,0.1454,19,broker_reconstructed,broker_reconstructed,,,,,broker_fill,broker_reconstructed,,,good
broker_match_0198_SOXX,SOXX,2026-05-15T14:02:45.747894Z,2026-06-04T14:06:13.713461Z,57,508.56,577.68,3940.03,0.1359,20,broker_reconstructed,broker_reconstructed,,,,,broker_fill,broker_reconstructed,,,good
broker_match_0037_CHPX,CHPX,2026-05-15T14:02:48.481149Z,2026-06-04T14:02:08.326664Z,262,88.3,102.09,3612.98,0.1562,19,broker_reconstructed,broker_reconstructed,,,,,broker_fill,broker_reconstructed,,,good
broker_match_0038_CHPX,CHPX,2026-05-15T14:02:48.481149Z,2026-06-04T14:05:57.168037Z,322,88.3,101.38,4211.76,0.1481,20,broker_reconstructed,broker_reconstructed,,,,,broker_fill,broker_reconstructed,,,good
broker_match_0035_CHPS,CHPS,2026-05-15T14:14:09.445711Z,2026-06-04T14:02:13.417575Z,281,81.93,92.87,3075.41,0.1336,19,broker_reconstructed,broker_reconstructed,,,,,broker_fill,broker_reconstructed,,,good
broker_match_0036_CHPS,CHPS,2026-05-15T14:14:09.445711Z,2026-06-04T14:05:55.273515Z,350,81.93,92.18,3587.5,0.1251,19,broker_reconstructed,broker_reconstructed,,,,,broker_fill,broker_reconstructed,,,good
broker_match_0177_SMH,SMH,2026-05-15T14:14:13.128631Z,2026-06-04T14:02:14.159621Z,41,560.87,608.4,1948.73,0.0847,19,broker_reconstructed,broker_reconstructed,,,,,broker_fill,broker_reconstructed,,,good
broker_match_0178_SMH,SMH,2026-05-15T14:14:13.128631Z,2026-06-04T14:06:09.203624Z,49,560.87,605.07,2165.68,0.0788,19,broker_reconstructed,broker_reconstructed,,,,,broker_fill,broker_reconstructed,,,good
broker_match_0180_SMHX,SMHX,2026-05-15T14:14:18.464373Z,2026-06-04T14:02:16.737825Z,417,56.19,63.75,3152.2,0.1345,19,broker_reconstructed,broker_reconstructed,,,,,broker_fill,broker_reconstructed,,,good
broker_match_0181_SMHX,SMHX,2026-05-15T14:14:18.464373Z,2026-06-04T14:06:11.873286Z,492,56.19,63.31,3502.66,0.1267,19,broker_reconstructed,broker_reconstructed,,,,,broker_fill,broker_reconstructed,,,good
broker_match_0152_QTEC,QTEC,2026-05-15T14:14:21.909276Z,2026-06-04T17:00:48.935815Z,168,290.1,329.31,6587.28,0.1352,20,broker_reconstructed,broker_reconstructed,,,,,broker_fill,broker_reconstructed,,,good
broker_match_0208_TTEQ,TTEQ,2026-05-15T14:14:26.986591Z,2026-06-04T14:02:26.248542Z,566,40.91,43.36,1386.7,0.0599,19,broker_reconstructed,broker_reconstructed,,,,,broker_fill,broker_reconstructed,,,good
broker_match_0209_TTEQ,TTEQ,2026-05-15T14:14:26.986591Z,2026-06-04T14:06:15.576831Z,602,40.91,43.27,1420.72,0.0577,19,broker_reconstructed,broker_reconstructed,,,,,broker_fill,broker_reconstructed,,,good
broker_match_0063_FRWD,FRWD,2026-05-15T14:14:29.495141Z,2026-06-04T17:00:36.247664Z,1813,30.14,33.32,5765.34,0.1055,20,broker_reconstructed,broker_reconstructed,,,,,broker_fill,broker_reconstructed,,,good
broker_match_0140_PSCT,PSCT,2026-05-15T14:14:32.887201Z,2026-06-04T17:00:51.684859Z,603,78.26,87.6,5632.02,0.1193,20,broker_reconstructed,broker_reconstructed,,,,,broker_fill,broker_reconstructed,,,good
broker_match_0169_SKYY,SKYY,2026-05-15T14:14:37.248362Z,2026-06-03T17:01:55.79859Z,180,127.99,147.76,3558.6,0.1545,19,broker_reconstructed,broker_reconstructed,,,,,broker_fill,broker_reconstructed,,,good
broker_match_0170_SKYY,SKYY,2026-05-15T14:14:37.248362Z,2026-06-08T13:31:35.908926Z,66,127.99,141.33,880.44,0.1042,23,broker_reconstructed,broker_reconstructed,,,,,broker_fill,broker_reconstructed,,,good
broker_match_0147_PTF,PTF,2026-05-15T14:14:43.076713Z,2026-06-04T17:00:48.984516Z,276,119.84,134.47,4038.15,0.1221,20,broker_reconstructed,broker_reconstructed,,,,,broker_fill,broker_reconstructed,,,good
broker_match_0075_GTOP,GTOP,2026-05-15T14:14:46.592606Z,2026-06-04T17:00:39.073123Z,585,46.75,49.92,1854.45,0.0678,20,broker_reconstructed,broker_reconstructed,,,,,broker_fill,broker_reconstructed,,,good
broker_match_0068_GOOGL,GOOGL,2026-05-15T14:14:49.483578Z,2026-06-01T14:04:13.322804Z,21,398.86,376.26,-474.76,-0.0567,16,broker_reconstructed,broker_reconstructed,,,,,broker_fill,broker_reconstructed,,,bad
broker_match_0008_AMD,AMD,2026-05-18T14:13:57.032383Z,2026-06-01T14:04:02.336649Z,2,421.38,487.5,132.25,0.1569,13,broker_reconstructed,broker_reconstructed,,,,,broker_fill,broker_reconstructed,,,good
broker_match_0009_AMD,AMD,2026-05-18T17:02:43.9252Z,2026-06-01T14:04:02.336649Z,4,417.37,487.5,280.52,0.168,13,broker_reconstructed,broker_reconstructed,,,,,broker_fill,broker_reconstructed,,,good
broker_match_0079_HPE,HPE,2026-05-20T13:30:23.721111Z,2026-06-02T14:04:00.624244Z,120,32.98,58.97,3119.31,0.7882,13,breakout_momentum_v1,breakout_momentum_v2_threshold_tuned,1.0,0.85,Strong bullish momentum (13.38%) indicates breakout,,broker_fill,broker_reconstructed,,bullish,good
broker_match_0045_CRWD,CRWD,2026-05-20T13:31:04.084242Z,2026-06-03T17:01:35.316576Z,7,619.7,748.0,898.1,0.207,14,breakout_momentum_v1,breakout_momentum_v2_threshold_tuned,1.0,0.85,Strong bullish momentum (38.39%) indicates breakout,,broker_fill,broker_reconstructed,,bullish,good
broker_match_0128_PANW,PANW,2026-05-20T13:31:09.446558Z,2026-06-03T17:01:54.89659Z,19,239.88,280.44,770.71,0.1691,14,breakout_momentum_v1,breakout_momentum_v2_threshold_tuned,1.0,0.85,Strong bullish momentum (33.91%) indicates breakout,,broker_fill,broker_reconstructed,,bullish,good
broker_match_0148_QCOM,QCOM,2026-05-20T13:31:21.575837Z,2026-05-27T14:08:36.275697Z,24,197.88,230.34,779.04,0.164,7,breakout_momentum_v1,breakout_momentum_v2_threshold_tuned,0.8926383784385789,0.758742621672792,Strong bullish momentum (8.93%) indicates breakout,,broker_fill,broker_reconstructed,,bullish,good
broker_match_0049_DDOG,DDOG,2026-05-20T13:31:25.805641Z,2026-06-02T14:03:48.324746Z,25,216.22,261.19,1124.27,0.208,13,breakout_momentum_v1,breakout_momentum_v2_threshold_tuned,1.0,0.85,Strong bullish momentum (62.76%) indicates breakout,,broker_fill,broker_reconstructed,,bullish,good
broker_match_0055_DELL,DELL,2026-05-20T13:31:37.846792Z,2026-06-02T14:03:53.638952Z,16,240.41,456.95,3464.72,0.9007,13,breakout_momentum_v1,breakout_momentum_v2_threshold_tuned,1.0,0.85,Strong bullish momentum (12.59%) indicates breakout,,broker_fill,broker_reconstructed,,bullish,good
broker_match_0124_NVDA,NVDA,2026-05-20T13:31:57.305109Z,2026-06-03T17:01:46.108016Z,16,222.08,215.86,-99.53,-0.028,14,breakout_momentum_v1,breakout_momentum_v2_threshold_tuned,1.0,0.85,Strong bullish momentum (10.54%) indicates breakout,,broker_fill,broker_reconstructed,,bullish,neutral
broker_match_0022_ARM,ARM,2026-05-20T13:32:10.806827Z,2026-05-27T17:02:47.111231Z,13,234.54,303.34,894.4,0.2933,7,breakout_momentum_v1,breakout_momentum_v2_threshold_tuned,0.6100228223659192,0.5185193990110313,Strong bullish momentum (6.10%) indicates breakout,,broker_fill,broker_reconstructed,,bullish,good
broker_match_0122_NOW,NOW,2026-05-20T13:33:09.435594Z,2026-06-01T14:04:15.222272Z,33,99.52,135.12,1174.74,0.3577,12,breakout_momentum_v1,breakout_momentum_v2_threshold_tuned,1.0,0.85,Strong bullish momentum (15.31%) indicates breakout,,broker_fill,broker_reconstructed,,bullish,good
broker_match_0101_MDB,MDB,2026-05-20T13:33:10.266222Z,2026-05-27T14:08:30.392464Z,12,333.45,300.58,-394.41,-0.0986,7,breakout_momentum_v1,breakout_momentum_v2_threshold_tuned,1.0,0.85,Strong bullish momentum (33.43%) indicates breakout,,broker_fill,broker_reconstructed,,bullish,bad
broker_match_0010_AMD,AMD,2026-05-20T13:33:11.492749Z,2026-06-01T14:04:02.336649Z,12,430.22,487.5,687.4,0.1331,12,breakout_momentum_v1,breakout_momentum_v2_threshold_tuned,1.0,0.85,Strong bullish momentum (16.80%) indicates breakout,,broker_fill,broker_reconstructed,,bullish,good
broker_match_0089_INTC,INTC,2026-05-20T13:33:20.999959Z,2026-05-28T14:02:09.368578Z,51,118.58,117.03,-79.39,-0.0131,8,breakout_momentum_v1,breakout_momentum_v2_threshold_tuned,1.0,0.85,Strong bullish momentum (17.27%) indicates breakout,,broker_fill,broker_reconstructed,,bullish,neutral
broker_match_0047_CSCO,CSCO,2026-05-20T13:33:29.29223Z,2026-06-08T13:31:56.717071Z,38,116.4,123.83,282.5,0.0639,18,breakout_momentum_v1,breakout_momentum_v2_threshold_tuned,1.0,0.85,Strong bullish momentum (26.10%) indicates breakout,,broker_fill,broker_reconstructed,,bullish,good
broker_match_0199_TSLA,TSLA,2026-05-20T13:33:32.481259Z,2026-06-01T14:04:20.119175Z,5,410.16,423.25,65.48,0.0319,12,breakout_momentum_v1,breakout_momentum_v2_threshold_tuned,0.5890522233577029,0.5006943898540475,Strong bullish momentum (5.89%) indicates breakout,,broker_fill,broker_reconstructed,,bullish,neutral
broker_match_0059_FICO,FICO,2026-05-20T13:33:50.00998Z,2026-06-03T17:01:44.785294Z,3,1172.58,1165.72,-20.58,-0.0059,14,breakout_momentum_v1,breakout_momentum_v2_threshold_tuned,1.0,0.85,Strong bullish momentum (15.72%) indicates breakout,,broker_fill,broker_reconstructed,,bullish,neutral
broker_match_0160_RBRK,RBRK,2026-05-20T13:33:51.31064Z,2026-06-09T13:35:51.353486Z,62,64.41,70.36,368.88,0.0924,20,breakout_momentum_v1,breakout_momentum_v2_threshold_tuned,1.0,0.85,Strong bullish momentum (20.97%) indicates breakout,,broker_fill,broker_reconstructed,,bullish,good
broker_match_0118_NBIS,NBIS,2026-05-20T13:33:52.959858Z,2026-05-22T17:00:38.534241Z,21,199.73,215.88,339.18,0.0809,2,breakout_momentum_v1,breakout_momentum_v2_threshold_tuned,1.0,0.85,Strong bullish momentum (43.04%) indicates breakout,,broker_fill,broker_reconstructed,,bullish,good
broker_match_0171_SMCI,SMCI,2026-05-20T13:34:18.03963Z,2026-05-29T17:02:04.763274Z,116,31.6,45.83,1651.13,0.4505,9,breakout_momentum_v1,breakout_momentum_v2_threshold_tuned,1.0,0.85,Strong bullish momentum (11.53%) indicates breakout,,broker_fill,broker_reconstructed,,bullish,good
broker_match_0097_LRCX,LRCX,2026-05-20T13:34:29.900316Z,2026-06-04T14:02:16.369404Z,8,282.24,327.3,360.44,0.1596,15,breakout_momentum_v1,breakout_momentum_v2_threshold_tuned,0.601876987512603,0.5115954393857125,Strong bullish momentum (6.02%) indicates breakout,,broker_fill,broker_reconstructed,,bullish,good
broker_match_0125_ORCL,ORCL,2026-05-20T13:34:38.644224Z,2026-06-03T17:01:51.200215Z,18,181.35,228.92,856.34,0.2623,14,breakout_momentum_v1,breakout_momentum_v2_threshold_tuned,1.0,0.85,Strong bullish momentum (12.44%) indicates breakout,,broker_fill,broker_reconstructed,,bullish,good
broker_match_0064_FTNT,FTNT,2026-05-20T13:34:39.652527Z,2026-05-28T14:06:19.94872Z,40,127.02,126.6,-16.76,-0.0033,8,breakout_momentum_v1,breakout_momentum_v2_threshold_tuned,1.0,0.85,Strong bullish momentum (51.39%) indicates breakout,,broker_fill,broker_reconstructed,,bullish,neutral
broker_match_0111_MU,MU,2026-05-20T13:34:41.853256Z,2026-06-04T14:02:15.831878Z,7,726.48,985.54,1813.4,0.3566,15,breakout_momentum_v1,breakout_momentum_v2_threshold_tuned,1.0,0.85,Strong bullish momentum (35.11%) indicates breakout,,broker_fill,broker_reconstructed,,bullish,good
broker_match_0107_MRVL,MRVL,2026-05-20T13:34:52.614322Z,2026-05-27T14:08:35.532052Z,15,189.22,204.42,228.06,0.0803,7,breakout_momentum_v1,breakout_momentum_v2_threshold_tuned,0.6733272782319106,0.572328186497124,Strong bullish momentum (6.73%) indicates breakout,,broker_fill,broker_reconstructed,,bullish,good
broker_match_0182_SNOW,SNOW,2026-05-20T13:34:56.676768Z,2026-06-02T14:04:09.24067Z,22,168.45,259.54,2004.08,0.5408,13,breakout_momentum_v1,breakout_momentum_v2_threshold_tuned,1.0,0.85,Strong bullish momentum (24.24%) indicates breakout,,broker_fill,broker_reconstructed,,bullish,good
broker_match_0129_PANW,PANW,2026-05-20T14:01:58.725781Z,2026-06-03T17:01:54.89659Z,10,242.0,280.44,384.43,0.1589,14,breakout_momentum_v1,breakout_momentum_v2_threshold_tuned,1.0,0.85,Strong bullish momentum (33.91%) indicates breakout,,broker_fill,broker_reconstructed,,bullish,good
broker_match_0060_FICO,FICO,2026-05-21T13:32:23.989328Z,2026-06-03T17:01:44.785294Z,10,1218.0,1165.72,-522.8,-0.0429,13,breakout_momentum_v1,breakout_momentum_v2_threshold_tuned,1.0,0.85,Strong bullish momentum (17.13%) indicates breakout,,broker_fill,broker_reconstructed,,bullish,neutral
broker_match_0172_SMCI,SMCI,2026-05-21T13:33:34.220183Z,2026-05-29T17:02:04.763274Z,10,33.06,45.83,127.65,0.3861,8,breakout_momentum_v1,breakout_momentum_v2_threshold_tuned,1.0,0.85,Strong bullish momentum (22.81%) indicates breakout,,broker_fill,broker_reconstructed,,bullish,good
broker_match_0102_MDB,MDB,2026-05-21T14:01:35.670482Z,2026-05-27T14:08:30.392464Z,10,315.94,300.58,-153.6,-0.0486,6,breakout_momentum_v1,breakout_momentum_v2_threshold_tuned,1.0,0.85,Strong bullish momentum (19.49%) indicates breakout,,broker_fill,broker_reconstructed,,bullish,neutral
broker_match_0048_CSCO,CSCO,2026-05-21T14:03:41.576677Z,2026-06-08T13:31:56.717071Z,10,115.51,123.83,83.22,0.072,17,breakout_momentum_v1,breakout_momentum_v2_threshold_tuned,1.0,0.85,Strong bullish momentum (25.73%) indicates breakout,,broker_fill,broker_reconstructed,,bullish,good
broker_match_0108_MRVL,MRVL,2026-05-21T14:03:51.141969Z,2026-05-27T14:08:35.532052Z,10,194.09,204.42,103.34,0.0532,6,breakout_momentum_v1,breakout_momentum_v2_threshold_tuned,1.0,0.85,Strong bullish momentum (17.31%) indicates breakout,,broker_fill,broker_reconstructed,,bullish,good
broker_match_0103_MDB,MDB,2026-05-21T14:07:25.087867Z,2026-05-27T14:08:30.392464Z,10,317.51,300.58,-169.32,-0.0533,6,breakout_momentum_v1,breakout_momentum_v2_threshold_tuned,1.0,0.85,Strong bullish momentum (19.49%) indicates breakout,,broker_fill,broker_reconstructed,,bullish,bad
broker_match_0056_DELL,DELL,2026-05-21T14:10:01.91921Z,2026-06-02T14:03:53.638952Z,10,248.4,456.95,2085.47,0.8395,11,breakout_momentum_v1,breakout_momentum_v2_threshold_tuned,1.0,0.85,Strong bullish momentum (17.52%) indicates breakout,,broker_fill,broker_reconstructed,,bullish,good
broker_match_0200_TSLA,TSLA,2026-05-26T14:00:49.052606Z,2026-06-01T14:04:20.119175Z,10,430.6,423.25,-73.43,-0.0171,6,broker_reconstructed,broker_reconstructed,,,,,broker_fill,broker_reconstructed,,,neutral
broker_match_0011_AMD,AMD,2026-05-26T14:01:16.98612Z,2026-06-01T14:04:02.336649Z,10,494.41,487.5,-69.11,-0.014,6,broker_reconstructed,broker_reconstructed,,,,,broker_fill,broker_reconstructed,,,neutral
broker_match_0112_MU,MU,2026-05-26T14:02:40.630432Z,2026-06-04T14:02:15.831878Z,10,854.77,985.54,1307.67,0.153,8,broker_reconstructed,broker_reconstructed,,,,,broker_fill,broker_reconstructed,,,good
broker_match_0023_ARM,ARM,2026-05-26T14:03:13.254284Z,2026-05-27T17:02:47.111231Z,10,306.23,303.34,-28.9,-0.0094,1,broker_reconstructed,broker_reconstructed,,,,,broker_fill,broker_reconstructed,,,neutral
broker_match_0201_TSLA,TSLA,2026-05-26T14:07:09.148073Z,2026-06-01T14:04:20.119175Z,10,429.22,423.25,-59.67,-0.0139,5,broker_reconstructed,broker_reconstructed,,,,,broker_fill,broker_reconstructed,,,neutral
broker_match_0061_FICO,FICO,2026-05-26T17:04:51.39762Z,2026-06-03T17:01:44.785294Z,10,1261.24,1165.72,-955.2,-0.0757,7,broker_reconstructed,broker_reconstructed,,,,,broker_fill,broker_reconstructed,,,bad
broker_match_0113_MU,MU,2026-05-27T17:02:46.086496Z,2026-06-04T14:02:15.831878Z,10,909.24,985.54,762.97,0.0839,7,breakout_momentum_v1,breakout_momentum_v2_threshold_tuned,1.0,0.85,Strong bullish momentum (43.66%) indicates breakout,,broker_fill,broker_reconstructed,,bullish,good
broker_match_0149_QCOM,QCOM,2026-05-27T17:02:47.917044Z,2026-06-02T14:04:08.242077Z,10,228.54,232.16,36.2,0.0158,5,breakout_momentum_v1,breakout_momentum_v2_threshold_tuned,1.0,0.85,Strong bullish momentum (12.86%) indicates breakout,,broker_fill,broker_reconstructed,,bullish,neutral
broker_match_0080_HPE,HPE,2026-05-27T17:02:47.934942Z,2026-06-02T14:04:00.624244Z,10,37.06,58.97,219.14,0.5913,5,breakout_momentum_v1,breakout_momentum_v2_threshold_tuned,1.0,0.85,Strong bullish momentum (26.45%) indicates breakout,,broker_fill,broker_reconstructed,,bullish,good
broker_match_0173_SMCI,SMCI,2026-05-27T17:02:49.272562Z,2026-05-29T17:02:04.763274Z,10,38.25,45.83,75.81,0.1982,1,breakout_momentum_v1,breakout_momentum_v2_threshold_tuned,1.0,0.85,Strong bullish momentum (12.98%) indicates breakout,,broker_fill,broker_reconstructed,,bullish,good
broker_match_0150_QCOM,QCOM,2026-05-28T13:30:23.012974Z,2026-06-02T14:04:08.242077Z,10,236.86,232.16,-47.0,-0.0198,5,breakout_momentum_v1,breakout_momentum_v2_threshold_tuned,0.7453557898580484,0.6335524213793411,Strong bullish momentum (7.45%) indicates breakout,,broker_fill,broker_reconstructed,,bullish,neutral
broker_match_0012_AMD,AMD,2026-06-04T14:02:24.721813Z,2026-06-08T13:31:17.461752Z,95,504.84,482.53,-2119.45,-0.0442,3,breakout_momentum_v1,breakout_momentum_v2_threshold_tuned,1.0,0.85,Strong bullish momentum (18.69%) indicates breakout,,broker_fill,broker_reconstructed,,bullish,neutral
broker_match_0026_ASML,ASML,2026-06-04T14:02:28.269742Z,2026-06-08T13:36:07.035171Z,42,1687.45,1731.14,1835.09,0.0259,3,breakout_momentum_v1,breakout_momentum_v2_threshold_tuned,1.0,0.85,Strong bullish momentum (12.27%) indicates breakout,,broker_fill,broker_reconstructed,,bullish,neutral
broker_match_0114_MU,MU,2026-06-04T14:02:28.570423Z,2026-06-08T13:37:26.447953Z,41,984.66,938.07,-1910.25,-0.0473,3,breakout_momentum_v1,breakout_momentum_v2_threshold_tuned,1.0,0.85,Strong bullish momentum (34.81%) indicates breakout,,broker_fill,broker_reconstructed,,bullish,neutral
broker_match_0126_ORCL,ORCL,2026-06-04T14:02:28.886933Z,2026-06-08T13:34:45.157044Z,244,232.93,214.85,-4410.1,-0.0776,3,breakout_momentum_v1,breakout_momentum_v2_threshold_tuned,1.0,0.85,Strong bullish momentum (20.13%) indicates breakout,,broker_fill,broker_reconstructed,,bullish,bad
broker_match_0183_SNOW,SNOW,2026-06-04T14:02:31.470443Z,2026-06-09T16:00:30.481837Z,157,249.86,232.51,-2724.79,-0.0695,5,breakout_momentum_v1,breakout_momentum_v2_threshold_tuned,1.0,0.85,Strong bullish momentum (58.15%) indicates breakout,,broker_fill,broker_reconstructed,,bullish,bad
broker_match_0123_NOW,NOW,2026-06-04T14:02:31.961825Z,2026-06-08T13:32:26.333421Z,320,123.91,113.21,-3424.15,-0.0864,3,breakout_momentum_v1,breakout_momentum_v2_threshold_tuned,1.0,0.85,Strong bullish momentum (29.17%) indicates breakout,,broker_fill,broker_reconstructed,,bullish,bad
broker_match_0044_CRM,CRM,2026-06-04T14:02:34.447218Z,2026-06-09T13:35:52.661411Z,270,193.8,179.74,-3795.07,-0.0725,4,breakout_momentum_v1,breakout_momentum_v2_threshold_tuned,1.0,0.85,Strong bullish momentum (10.88%) indicates breakout,,broker_fill,broker_reconstructed,,bullish,bad
broker_match_0024_ARM,ARM,2026-06-04T14:02:35.03726Z,2026-06-08T13:35:05.367973Z,83,373.51,342.92,-2538.67,-0.0819,3,breakout_momentum_v1,breakout_momentum_v2_threshold_tuned,1.0,0.85,Strong bullish momentum (77.99%) indicates breakout,,broker_fill,broker_reconstructed,,bullish,bad
broker_match_0104_MDB,MDB,2026-06-04T14:02:36.098977Z,2026-06-08T13:38:02.899251Z,99,383.9,345.78,-3773.69,-0.0993,3,breakout_momentum_v1,breakout_momentum_v2_threshold_tuned,1.0,0.85,Strong bullish momentum (22.69%) indicates breakout,,broker_fill,broker_reconstructed,,bullish,bad
broker_match_0098_LRCX,LRCX,2026-06-04T14:02:36.664783Z,2026-06-08T13:35:29.526644Z,179,328.05,318.84,-1647.76,-0.0281,3,breakout_momentum_v1,breakout_momentum_v2_threshold_tuned,1.0,0.85,Strong bullish momentum (14.62%) indicates breakout,,broker_fill,broker_reconstructed,,bullish,neutral
broker_match_0002_AMAT,AMAT,2026-06-04T14:02:37.019727Z,2026-06-08T13:38:42.229052Z,127,486.32,478.52,-991.13,-0.016,3,breakout_momentum_v1,breakout_momentum_v2_threshold_tuned,1.0,0.85,Strong bullish momentum (11.52%) indicates breakout,,broker_fill,broker_reconstructed,,bullish,neutral
broker_match_0050_DDOG,DDOG,2026-06-04T14:02:37.445502Z,2026-06-08T13:32:53.455049Z,200,248.39,232.76,-3126.0,-0.0629,3,breakout_momentum_v1,breakout_momentum_v2_threshold_tuned,1.0,0.85,Strong bullish momentum (18.63%) indicates breakout,,broker_fill,broker_reconstructed,,bullish,bad
broker_match_0092_KLAC,KLAC,2026-06-04T14:02:39.216919Z,2026-06-08T13:37:42.019595Z,31,205.29,203.17,-65.7,-0.0103,3,breakout_momentum_v1,breakout_momentum_v2_threshold_tuned,1.0,0.85,Strong bullish momentum (13.92%) indicates breakout,,broker_fill,broker_reconstructed,,bullish,neutral
broker_match_0151_QCOM,QCOM,2026-06-04T14:02:39.261633Z,2026-06-08T13:38:56.202031Z,149,237.62,217.87,-2943.16,-0.0831,3,breakout_momentum_v1,breakout_momentum_v2_threshold_tuned,1.0,0.85,Strong bullish momentum (17.71%) indicates breakout,,broker_fill,broker_reconstructed,,bullish,bad
broker_match_0109_MRVL,MRVL,2026-06-04T14:02:41.344004Z,2026-06-08T13:39:13.006869Z,125,284.18,288.67,561.7,0.0158,3,breakout_momentum_v1,breakout_momentum_v2_threshold_tuned,1.0,0.85,Strong bullish momentum (61.41%) indicates breakout,,broker_fill,broker_reconstructed,,bullish,neutral
broker_match_0131_PATH,PATH,2026-06-04T14:02:41.62863Z,2026-06-08T13:31:54.857389Z,3150,11.96,11.12,-2646.0,-0.0702,3,breakout_momentum_v1,breakout_momentum_v2_threshold_tuned,1.0,0.85,Strong bullish momentum (15.82%) indicates breakout,,broker_fill,broker_reconstructed,,bullish,bad
broker_match_0062_FICO,FICO,2026-06-04T14:02:43.893505Z,2026-06-08T13:36:38.360286Z,40,1214.19,1134.04,-3205.96,-0.066,3,breakout_momentum_v1,breakout_momentum_v2_threshold_tuned,1.0,0.85,Strong bullish momentum (10.16%) indicates breakout,,broker_fill,broker_reconstructed,,bullish,bad
broker_match_0174_SMCI,SMCI,2026-06-04T14:02:45.401132Z,2026-06-08T13:32:20.422945Z,869,45.65,42.98,-2320.23,-0.0585,3,breakout_momentum_v1,breakout_momentum_v2_threshold_tuned,1.0,0.85,Strong bullish momentum (45.94%) indicates breakout,,broker_fill,broker_reconstructed,,bullish,bad
broker_match_0130_PANW,PANW,2026-06-04T14:02:46.558303Z,2026-06-09T13:35:44.626436Z,184,276.99,261.26,-2893.88,-0.0568,4,breakout_momentum_v1,breakout_momentum_v2_threshold_tuned,1.0,0.85,Strong bullish momentum (13.61%) indicates breakout,,broker_fill,broker_reconstructed,,bullish,bad
broker_match_0032_CDNS,CDNS,2026-06-04T14:02:46.651549Z,2026-06-08T13:33:42.801779Z,183,405.56,383.39,-4057.11,-0.0547,3,breakout_momentum_v1,breakout_momentum_v2_threshold_tuned,1.0,0.85,Strong bullish momentum (16.37%) indicates breakout,,broker_fill,broker_reconstructed,,bullish,bad
broker_match_0046_CRWD,CRWD,2026-06-04T14:02:46.811037Z,2026-06-09T13:35:34.432031Z,71,699.7,648.38,-3643.72,-0.0733,4,breakout_momentum_v1,breakout_momentum_v2_threshold_tuned,1.0,0.85,Strong bullish momentum (16.96%) indicates breakout,,broker_fill,broker_reconstructed,,bullish,bad
broker_match_0065_FTNT,FTNT,2026-06-04T14:02:47.3305Z,2026-06-09T13:35:41.902576Z,491,147.89,140.57,-3594.12,-0.0495,4,breakout_momentum_v1,breakout_momentum_v2_threshold_tuned,1.0,0.85,Strong bullish momentum (20.15%) indicates breakout,,broker_fill,broker_reconstructed,,bullish,neutral
broker_match_0018_ANET,ANET,2026-06-04T14:02:50.490488Z,2026-06-08T13:33:12.265284Z,363,159.31,155.96,-1216.71,-0.021,3,breakout_momentum_v1,breakout_momentum_v2_threshold_tuned,1.0,0.85,Strong bullish momentum (12.02%) indicates breakout,,broker_fill,broker_reconstructed,,bullish,neutral
broker_match_0085_IBM,IBM,2026-06-04T14:02:50.628239Z,2026-06-08T13:38:50.444082Z,173,309.58,286.39,-4011.19,-0.0749,3,breakout_momentum_v1,breakout_momentum_v2_threshold_tuned,1.0,0.85,Strong bullish momentum (41.22%) indicates breakout,,broker_fill,broker_reconstructed,,bullish,bad
broker_match_0081_HPE,HPE,2026-06-04T14:02:51.523715Z,2026-06-04T14:06:05.642515Z,776,52.87,52.65,-172.37,-0.0042,0,breakout_momentum_v1,breakout_momentum_v2_threshold_tuned,1.0,0.85,Strong bullish momentum (59.73%) indicates breakout,,broker_fill,broker_reconstructed,,bullish,neutral
broker_match_0057_DELL,DELL,2026-06-04T14:02:52.011414Z,2026-06-08T13:38:06.345314Z,93,406.0,394.03,-1113.59,-0.0295,3,breakout_momentum_v1,breakout_momentum_v2_threshold_tuned,1.0,0.85,Strong bullish momentum (67.51%) indicates breakout,,broker_fill,broker_reconstructed,,bullish,neutral
broker_match_0083_HPQ,HPQ,2026-06-04T14:02:54.070646Z,2026-06-09T16:00:25.62002Z,1674,26.2,24.42,-2979.72,-0.0679,5,breakout_momentum_v1,breakout_momentum_v2_threshold_tuned,1.0,0.85,Strong bullish momentum (26.09%) indicates breakout,,broker_fill,broker_reconstructed,,bullish,bad
broker_match_0161_RBRK,RBRK,2026-06-04T14:02:55.219746Z,2026-06-09T13:35:51.353486Z,595,77.68,70.36,-4352.46,-0.0942,4,breakout_momentum_v1,breakout_momentum_v2_threshold_tuned,1.0,0.85,Strong bullish momentum (21.12%) indicates breakout,,broker_fill,broker_reconstructed,,bullish,bad
broker_match_0039_CRDO,CRDO,2026-06-04T14:02:55.276933Z,2026-06-08T13:32:17.368026Z,132,208.51,216.35,1035.29,0.0376,3,breakout_momentum_v1,breakout_momentum_v2_threshold_tuned,1.0,0.85,Strong bullish momentum (18.93%) indicates breakout,,broker_fill,broker_reconstructed,,bullish,neutral
broker_match_0132_PLTR,PLTR,2026-06-04T14:02:56.367717Z,2026-06-08T13:36:38.950481Z,397,146.18,136.55,-3824.68,-0.0659,3,breakout_momentum_v1,breakout_momentum_v2_threshold_tuned,0.8437196805731754,0.7171617284871991,Strong bullish momentum (8.44%) indicates breakout,,broker_fill,broker_reconstructed,,bullish,bad
broker_match_0202_TSM,TSM,2026-06-04T14:02:58.34813Z,2026-06-08T13:30:35.902071Z,107,430.86,424.9,-637.72,-0.0138,3,breakout_momentum_v1,breakout_momentum_v2_threshold_tuned,0.6597007542970187,0.5607456411524658,Strong bullish momentum (6.60%) indicates breakout,,broker_fill,broker_reconstructed,,bullish,neutral
broker_match_0119_NBIS,NBIS,2026-06-04T14:03:00.314442Z,2026-06-08T13:37:45.090394Z,126,238.79,229.32,-1193.09,-0.0397,3,breakout_momentum_v1,breakout_momentum_v2_threshold_tuned,0.837501136673639,0.7118759661725932,Strong bullish momentum (8.38%) indicates breakout,,broker_fill,broker_reconstructed,,bullish,neutral
broker_match_0184_SNOW,SNOW,2026-06-09T19:55:51.850492Z,2026-06-10T13:35:39.955402Z,142,238.28,237.46,-116.44,-0.0034,0,breakout_momentum_v1,breakout_momentum_v2_threshold_tuned,1.0,0.85,Strong bullish momentum (42.89%) indicates breakout,,broker_fill,broker_reconstructed,,bullish,neutral
broker_match_0086_IBM,IBM,2026-06-09T19:55:55.054027Z,2026-06-22T13:40:45.114901Z,141,277.7,246.62,-4382.52,-0.1119,12,breakout_momentum_v1,breakout_momentum_v2_threshold_tuned,1.0,0.85,Strong bullish momentum (23.87%) indicates breakout,,broker_fill,broker_reconstructed,,bullish,bad
broker_match_0025_ARM,ARM,2026-06-09T19:55:56.208217Z,2026-06-22T16:00:19.913047Z,63,323.12,406.78,5270.57,0.2589,12,breakout_momentum_v1,breakout_momentum_v2_threshold_tuned,1.0,0.85,Strong bullish momentum (34.53%) indicates breakout,,broker_fill,broker_reconstructed,,bullish,good
broker_match_0093_KLAC,KLAC,2026-06-09T19:56:01.140507Z,2026-06-12T19:55:32.919056Z,21,212.69,253.5,856.9,0.1918,2,breakout_momentum_v1,breakout_momentum_v2_threshold_tuned,1.0,0.85,Strong bullish momentum (19.55%) indicates breakout,,broker_fill,broker_reconstructed,,bullish,good
broker_match_0084_HPQ,HPQ,2026-06-09T19:56:02.589914Z,2026-06-22T19:55:32.140319Z,1423,24.86,23.61,-1788.39,-0.0505,12,breakout_momentum_v1,breakout_momentum_v2_threshold_tuned,1.0,0.85,Strong bullish momentum (19.08%) indicates breakout,,broker_fill,broker_reconstructed,,bullish,bad
broker_match_0110_MRVL,MRVL,2026-06-09T19:56:03.416132Z,2026-06-22T16:00:23.059888Z,82,261.96,299.56,3083.2,0.1435,12,breakout_momentum_v1,breakout_momentum_v2_threshold_tuned,1.0,0.85,Strong bullish momentum (53.37%) indicates breakout,,broker_fill,broker_reconstructed,,bullish,good
broker_match_0040_CRDO,CRDO,2026-06-09T19:56:04.593665Z,2026-06-22T13:38:13.382412Z,103,230.66,304.62,7617.88,0.3206,12,breakout_momentum_v1,breakout_momentum_v2_threshold_tuned,1.0,0.85,Strong bullish momentum (28.25%) indicates breakout,,broker_fill,broker_reconstructed,,bullish,good
broker_match_0127_ORCL,ORCL,2026-06-09T19:56:05.921349Z,2026-06-11T13:36:49.568945Z,180,205.07,178.67,-4752.0,-0.1287,1,breakout_momentum_v1,breakout_momentum_v2_threshold_tuned,1.0,0.85,Strong bullish momentum (14.01%) indicates breakout,,broker_fill,broker_reconstructed,,bullish,bad
broker_match_0175_SMCI,SMCI,2026-06-09T19:56:06.427844Z,2026-06-10T13:35:36.443726Z,647,40.37,34.72,-3655.45,-0.1399,0,breakout_momentum_v1,breakout_momentum_v2_threshold_tuned,1.0,0.85,Strong bullish momentum (28.39%) indicates breakout,,broker_fill,broker_reconstructed,,bullish,bad
broker_match_0033_CDNS,CDNS,2026-06-09T19:56:08.89601Z,2026-06-08T13:33:42.801779Z,49,390.71,383.39,-358.74,-0.0187,-2,breakout_momentum_v1,breakout_momentum_v2_threshold_tuned,1.0,0.85,Strong bullish momentum (13.42%) indicates breakout,,broker_fill,broker_reconstructed,,bullish,neutral
broker_match_0162_RBRK,RBRK,2026-06-09T19:56:11.124871Z,2026-06-22T13:38:28.336561Z,361,71.38,71.24,-50.54,-0.002,12,breakout_momentum_v1,breakout_momentum_v2_threshold_tuned,0.6637763492300788,0.564209896845567,Strong bullish momentum (6.64%) indicates breakout,,broker_fill,broker_reconstructed,,bullish,neutral
broker_match_0094_KLAC,KLAC,2026-06-23T13:37:43.345604Z,2026-06-23T16:00:27.759645Z,29,246.7,242.5,-121.93,-0.017,0,breakout_momentum_v1,breakout_momentum_v2_threshold_tuned,1.0,0.85,Strong bullish momentum (17.49%) indicates breakout,,broker_fill,broker_reconstructed,,cautious,neutral
broker_match_0095_KLAC,KLAC,2026-06-23T16:00:32.869711Z,2026-06-23T19:55:33.284234Z,29,242.7,244.72,58.63,0.0083,0,breakout_momentum_v1,breakout_momentum_v2_threshold_tuned,1.0,0.85,Strong bullish momentum (17.49%) indicates breakout,,broker_fill,broker_reconstructed,,cautious,neutral
